"Get_Locations_From_CSV_File","2020-04-20 21:16:33.974"
"Get_Locations_From_CSV_File","2020-04-20 21:18:20.456"
"Get_Locations_From_CSV_File","2020-04-20 21:20:44.966"
"Get_Locations_From_CSV_File","2020-04-20 21:22:58.391"
"Get_Locations_From_CSV_File","2020-04-20 21:23:42.786"
"Get_Locations_From_CSV_File","2020-04-20 21:25:55.186"
"Get_Locations_From_CSV_File","2020-04-20 21:26:53.152"
"Get_Locations_From_CSV_File","2020-04-20 21:28:26.636"
"Get_Locations_From_CSV_File","2020-04-20 21:29:11.093"
"Get_Employees_From_CSV_File","2020-04-20 21:29:57.521"
"Get_Employees_From_CSV_File","2020-04-20 21:30:25.415"
"Add employees in CSV file","2020-05-18 11:02:56.047"
"Remove employees from CSV file","2020-05-18 11:02:56.048"
"Add employees in CSV file","2020-05-18 11:02:56.054"
"Remove employees from CSV file","2020-05-18 11:02:56.054"
"Add employees in CSV file","2020-05-18 11:02:56.055"
"Remove employees from CSV file","2020-05-18 11:02:56.056"
"Add employees in CSV file","2020-05-18 11:02:56.057"
"Remove employees from CSV file","2020-05-18 11:02:56.057"
"Remove employees from CSV file","2020-05-18 11:29:14.284"
"Add_Salary_to_CSV_File","2020-05-18 11:52:49.331"
"Remove employees from CSV file","2020-05-18 11:52:49.334"
"Add_Salary_to_CSV_File","2020-05-18 11:52:49.338"
"Remove employees from CSV file","2020-05-18 11:52:49.339"
"Add_Salary_to_CSV_File","2020-05-18 11:52:49.34"
"Remove employees from CSV file","2020-05-18 11:52:49.34"
"Add_Salary_to_CSV_File","2020-05-18 11:52:49.341"
"Remove employees from CSV file","2020-05-18 11:52:49.341"
"Remove line from CSV file","2020-05-18 12:02:36.382"
"Remove line from CSV file","2020-05-18 12:02:59.013"
"Remove line from CSV file","2020-05-18 12:04:39.825"
"Remove line from CSV file","2020-05-18 12:16:23.692"
"Add_Salary_to_CSV_File","2020-05-18 12:17:15.304"
"Remove line from CSV file","2020-05-18 12:17:15.312"
"Add_Salary_to_CSV_File","2020-05-18 12:17:15.318"
"Remove line from CSV file","2020-05-18 12:17:15.318"
"Add_Salary_to_CSV_File","2020-05-18 12:17:15.32"
"Remove line from CSV file","2020-05-18 12:17:15.32"
"Add_Salary_to_CSV_File","2020-05-18 12:17:15.321"
"Remove line from CSV file","2020-05-18 12:17:15.321"
"Remove line from CSV file","2020-05-18 12:18:06.093"
"Add_Salary_to_CSV_File","2020-05-18 12:19:10.093"
"Remove line from CSV file","2020-05-18 12:19:10.103"
"Add_Salary_to_CSV_File","2020-05-18 12:19:10.115"
"Remove line from CSV file","2020-05-18 12:19:10.115"
"Add_Salary_to_CSV_File","2020-05-18 12:19:10.116"
"Remove line from CSV file","2020-05-18 12:19:10.117"
"Add_Salary_to_CSV_File","2020-05-18 12:19:10.118"
"Remove line from CSV file","2020-05-18 12:19:10.118"
"Remove line from CSV file","2020-05-18 12:19:47.414"
"Get_Employees_From_CSV_File","2020-05-24 22:02:18.737"
